{"cameraMode":{"drawMode":0,"name":"Shaded","section":"Shading Mode"},"sceneLighting":false,"audioPlay":false,"sceneViewState":{"m_AlwaysRefresh":false,"showFog":true,"showSkybox":false,"showFlares":true,"showImageEffects":true,"showParticleSystems":true,"showVisualEffectGraphs":true,"m_FxEnabled":true},"in2DMode":false,"pivot":{"x":90.59954833984375,"y":0.7771620154380798,"z":-28.718656539916993},"rotation":{"x":0.7237125039100647,"y":0.014487512409687043,"z":-0.015200161375105381,"w":0.6897818446159363},"size":1.3460822105407715,"orthographic":false}