{"cameraMode":{"drawMode":0,"name":"Shaded","section":"Shading Mode"},"sceneLighting":false,"audioPlay":false,"sceneViewState":{"m_AlwaysRefresh":false,"showFog":true,"showSkybox":false,"showFlares":true,"showImageEffects":true,"showParticleSystems":true,"showVisualEffectGraphs":true,"m_FxEnabled":true},"in2DMode":false,"pivot":{"x":-17.76432991027832,"y":1.1812553405761719,"z":0.0024480223655700685},"rotation":{"x":-0.03224482014775276,"y":0.9670964479446411,"z":-0.1958492547273636,"w":-0.1592470109462738},"size":2.090538263320923,"orthographic":false}